Id,FirstName,LastName,Email,Age,RegistrationDate,Country
1,John,Doe,john.doe@example.com,28,2023-01-15T00:00:00.0000000Z,United States
2,Jane,Smith,jane.smith@example.com,34,2023-02-20T00:00:00.0000000Z,Canada
3,Bob,Johnson,bob.johnson@example.com,45,2023-03-10T00:00:00.0000000Z,United Kingdom
4,Alice,Williams,alice.williams@example.com,29,2023-04-05T00:00:00.0000000Z,Australia
5,Charlie,Brown,charlie.brown@example.com,52,2023-05-12T00:00:00.0000000Z,United States
6,Diana,Miller,diana.miller@example.com,31,2023-06-18T00:00:00.0000000Z,Germany
7,Eva,Davis,eva.davis@example.com,27,2023-07-22T00:00:00.0000000Z,France
8,Frank,Wilson,frank.wilson@example.com,38,2023-08-30T00:00:00.0000000Z,Canada
9,Grace,Moore,grace.moore@example.com,26,2023-09-14T00:00:00.0000000Z,United Kingdom
10,Henry,Taylor,henry.taylor@example.com,41,2023-10-08T00:00:00.0000000Z,United States
11,Invalid,Customer,invalid.customer@example.com,150,2023-11-01T00:00:00.0000000Z,Invalidcountry
12,Young,User,young.user@example.com,16,2023-12-15T00:00:00.0000000Z,United States
13,Old,User,old.user@example.com,95,2023-01-05T00:00:00.0000000Z,Canada
